<?xml version="1.0" encoding="ISO-8859-1" ?>
<link_info>
   <banner>TI ARM Linker Unix v20.2.7.LTS</banner>
   <copyright>Copyright (c) 1996-2018 Texas Instruments Incorporated</copyright>
   <link_time>0x654099c3</link_time>
   <link_errors>0x0</link_errors>
   <output_file>UART_GPS_Project_V3.out</output_file>
   <entry_point>
      <name>_c_int00_noargs</name>
      <address>0x655</address>
   </entry_point>
   <input_file_list>
      <input_file id="fl-1">
         <path>./</path>
         <kind>object</kind>
         <file>main.obj</file>
         <name>main.obj</name>
      </input_file>
      <input_file id="fl-2">
         <path>./</path>
         <kind>object</kind>
         <file>tm4c123gh6pm_startup_ccs.obj</file>
         <name>tm4c123gh6pm_startup_ccs.obj</name>
      </input_file>
      <input_file id="fl-6">
         <kind>object</kind>
         <file>&lt;internal&gt;</file>
         <name>&lt;internal&gt;</name>
      </input_file>
      <input_file id="fl-bc">
         <path>/home/aditya/ti/ccs1240/ccs/tools/compiler/ti-cgt-arm_20.2.7.LTS/lib/</path>
         <kind>archive</kind>
         <file>rtsv7M4_T_le_v4SPD16_eabi.lib</file>
         <name>copy_zero_init.c.obj</name>
      </input_file>
      <input_file id="fl-bd">
         <path>/home/aditya/ti/ccs1240/ccs/tools/compiler/ti-cgt-arm_20.2.7.LTS/lib/</path>
         <kind>archive</kind>
         <file>rtsv7M4_T_le_v4SPD16_eabi.lib</file>
         <name>copy_decompress_none.c.obj</name>
      </input_file>
      <input_file id="fl-be">
         <path>/home/aditya/ti/ccs1240/ccs/tools/compiler/ti-cgt-arm_20.2.7.LTS/lib/</path>
         <kind>archive</kind>
         <file>rtsv7M4_T_le_v4SPD16_eabi.lib</file>
         <name>copy_decompress_lzss.c.obj</name>
      </input_file>
      <input_file id="fl-bf">
         <path>/home/aditya/ti/ccs1240/ccs/tools/compiler/ti-cgt-arm_20.2.7.LTS/lib/</path>
         <kind>archive</kind>
         <file>rtsv7M4_T_le_v4SPD16_eabi.lib</file>
         <name>boot_cortex_m.c.obj</name>
      </input_file>
      <input_file id="fl-c0">
         <path>/home/aditya/ti/ccs1240/ccs/tools/compiler/ti-cgt-arm_20.2.7.LTS/lib/</path>
         <kind>archive</kind>
         <file>rtsv7M4_T_le_v4SPD16_eabi.lib</file>
         <name>memcpy_t2.asm.obj</name>
      </input_file>
      <input_file id="fl-c1">
         <path>/home/aditya/ti/ccs1240/ccs/tools/compiler/ti-cgt-arm_20.2.7.LTS/lib/</path>
         <kind>archive</kind>
         <file>rtsv7M4_T_le_v4SPD16_eabi.lib</file>
         <name>memset_t2.asm.obj</name>
      </input_file>
      <input_file id="fl-c2">
         <path>/home/aditya/ti/ccs1240/ccs/tools/compiler/ti-cgt-arm_20.2.7.LTS/lib/</path>
         <kind>archive</kind>
         <file>rtsv7M4_T_le_v4SPD16_eabi.lib</file>
         <name>autoinit.c.obj</name>
      </input_file>
      <input_file id="fl-c3">
         <path>/home/aditya/ti/ccs1240/ccs/tools/compiler/ti-cgt-arm_20.2.7.LTS/lib/</path>
         <kind>archive</kind>
         <file>rtsv7M4_T_le_v4SPD16_eabi.lib</file>
         <name>pre_init.c.obj</name>
      </input_file>
      <input_file id="fl-c4">
         <path>/home/aditya/ti/ccs1240/ccs/tools/compiler/ti-cgt-arm_20.2.7.LTS/lib/</path>
         <kind>archive</kind>
         <file>rtsv7M4_T_le_v4SPD16_eabi.lib</file>
         <name>cpy_tbl.c.obj</name>
      </input_file>
      <input_file id="fl-c5">
         <path>/home/aditya/ti/ccs1240/ccs/tools/compiler/ti-cgt-arm_20.2.7.LTS/lib/</path>
         <kind>archive</kind>
         <file>rtsv7M4_T_le_v4SPD16_eabi.lib</file>
         <name>exit.c.obj</name>
      </input_file>
      <input_file id="fl-c6">
         <path>/home/aditya/ti/ccs1240/ccs/tools/compiler/ti-cgt-arm_20.2.7.LTS/lib/</path>
         <kind>archive</kind>
         <file>rtsv7M4_T_le_v4SPD16_eabi.lib</file>
         <name>_lock.c.obj</name>
      </input_file>
      <input_file id="fl-c7">
         <path>/home/aditya/ti/ccs1240/ccs/tools/compiler/ti-cgt-arm_20.2.7.LTS/lib/</path>
         <kind>archive</kind>
         <file>rtsv7M4_T_le_v4SPD16_eabi.lib</file>
         <name>args_main.c.obj</name>
      </input_file>
   </input_file_list>
   <object_component_list>
      <object_component id="oc-12">
         <name>.intvecs</name>
         <load_address>0x0</load_address>
         <run_address>0x0</run_address>
         <size>0x26c</size>
         <input_file_ref idref="fl-2"/>
      </object_component>
      <object_component id="oc-2d">
         <name>.text</name>
         <load_address>0x26c</load_address>
         <run_address>0x26c</run_address>
         <size>0x2a0</size>
         <input_file_ref idref="fl-1"/>
      </object_component>
      <object_component id="oc-41">
         <name>.text</name>
         <load_address>0x50c</load_address>
         <run_address>0x50c</run_address>
         <size>0x9c</size>
         <input_file_ref idref="fl-c0"/>
      </object_component>
      <object_component id="oc-15">
         <name>.text:decompress:lzss:__TI_decompress_lzss</name>
         <load_address>0x5a8</load_address>
         <run_address>0x5a8</run_address>
         <size>0x68</size>
         <input_file_ref idref="fl-be"/>
      </object_component>
      <object_component id="oc-db">
         <name>.text:__TI_auto_init_nobinit_nopinit:__TI_auto_init_nobinit_nopinit</name>
         <load_address>0x610</load_address>
         <run_address>0x610</run_address>
         <size>0x44</size>
         <input_file_ref idref="fl-c2"/>
      </object_component>
      <object_component id="oc-5f">
         <name>.text:_c_int00_noargs:_c_int00_noargs</name>
         <load_address>0x654</load_address>
         <run_address>0x654</run_address>
         <size>0x34</size>
         <input_file_ref idref="fl-bf"/>
      </object_component>
      <object_component id="oc-4d">
         <name>.text:decompress:ZI:__TI_zero_init_nomemset:__TI_zero_init_nomemset</name>
         <load_address>0x688</load_address>
         <run_address>0x688</run_address>
         <size>0x1c</size>
         <input_file_ref idref="fl-bc"/>
      </object_component>
      <object_component id="oc-1b">
         <name>.text:decompress:none:__TI_decompress_none</name>
         <load_address>0x6a4</load_address>
         <run_address>0x6a4</run_address>
         <size>0xe</size>
         <input_file_ref idref="fl-bd"/>
      </object_component>
      <object_component id="oc-27">
         <name>.text</name>
         <load_address>0x6b2</load_address>
         <run_address>0x6b2</run_address>
         <size>0xc</size>
         <input_file_ref idref="fl-2"/>
      </object_component>
      <object_component id="oc-a4">
         <name>.text:_system_pre_init</name>
         <load_address>0x6be</load_address>
         <run_address>0x6be</run_address>
         <size>0x4</size>
         <input_file_ref idref="fl-c3"/>
      </object_component>
      <object_component id="oc-cf">
         <name>.text:abort:abort</name>
         <load_address>0x6c2</load_address>
         <run_address>0x6c2</run_address>
         <size>0x4</size>
         <input_file_ref idref="fl-c5"/>
      </object_component>
      <object_component id="oc-186">
         <name>__TI_handler_table</name>
         <load_address>0x6c8</load_address>
         <run_address>0x6c8</run_address>
         <size>0xc</size>
      </object_component>
      <object_component id="oc-189">
         <name>.cinit..bss.load</name>
         <load_address>0x6d8</load_address>
         <run_address>0x6d8</run_address>
         <size>0x8</size>
      </object_component>
      <object_component id="oc-188">
         <name>.cinit..data.load</name>
         <load_address>0x6e0</load_address>
         <run_address>0x6e0</run_address>
         <size>0x7</size>
      </object_component>
      <object_component id="oc-187">
         <name>__TI_cinit_table</name>
         <load_address>0x6e8</load_address>
         <run_address>0x6e8</run_address>
         <size>0x10</size>
      </object_component>
      <object_component id="oc-78">
         <name>.data</name>
         <load_address>0x2000026c</load_address>
         <run_address>0x2000026c</run_address>
         <size>0x4</size>
         <input_file_ref idref="fl-1"/>
      </object_component>
      <object_component id="oc-7b">
         <name>.common:gps_str</name>
         <uninitialized>true</uninitialized>
         <run_address>0x20000200</run_address>
         <size>0x64</size>
      </object_component>
      <object_component id="oc-77">
         <name>.common:str</name>
         <uninitialized>true</uninitialized>
         <run_address>0x20000268</run_address>
         <size>0x4</size>
      </object_component>
      <object_component id="oc-74">
         <name>.common:state</name>
         <uninitialized>true</uninitialized>
         <run_address>0x20000264</run_address>
         <size>0x4</size>
      </object_component>
      <object_component id="oc-24">
         <name>.stack</name>
         <uninitialized>true</uninitialized>
         <run_address>0x20000000</run_address>
         <size>0x4</size>
         <input_file_ref idref="fl-bf"/>
      </object_component>
      <object_component id="oc-18b">
         <name>.stack</name>
         <uninitialized>true</uninitialized>
         <run_address>0x20000000</run_address>
         <size>0x0</size>
      </object_component>
      <object_component id="oc-75">
         <name>.debug_info</name>
         <load_address>0x0</load_address>
         <run_address>0x0</run_address>
         <size>0x2e2</size>
         <input_file_ref idref="fl-1"/>
      </object_component>
      <object_component id="oc-79">
         <name>.debug_info</name>
         <load_address>0x2e2</load_address>
         <run_address>0x2e2</run_address>
         <size>0xd0</size>
         <input_file_ref idref="fl-1"/>
      </object_component>
      <object_component id="oc-2e">
         <name>.debug_info</name>
         <load_address>0x3b2</load_address>
         <run_address>0x3b2</run_address>
         <size>0x1fa</size>
         <input_file_ref idref="fl-1"/>
      </object_component>
      <object_component id="oc-7f">
         <name>.debug_info</name>
         <load_address>0x5ac</load_address>
         <run_address>0x5ac</run_address>
         <size>0x26b</size>
         <input_file_ref idref="fl-1"/>
      </object_component>
      <object_component id="oc-3c">
         <name>.debug_info</name>
         <load_address>0x817</load_address>
         <run_address>0x817</run_address>
         <size>0x84</size>
         <input_file_ref idref="fl-1"/>
      </object_component>
      <object_component id="oc-ba">
         <name>.debug_info</name>
         <load_address>0x89b</load_address>
         <run_address>0x89b</run_address>
         <size>0x2a4</size>
         <input_file_ref idref="fl-1"/>
      </object_component>
      <object_component id="oc-84">
         <name>.debug_info</name>
         <load_address>0xb3f</load_address>
         <run_address>0xb3f</run_address>
         <size>0xbb</size>
         <input_file_ref idref="fl-1"/>
      </object_component>
      <object_component id="oc-35">
         <name>.debug_info</name>
         <load_address>0xbfa</load_address>
         <run_address>0xbfa</run_address>
         <size>0x2d7</size>
         <input_file_ref idref="fl-2"/>
      </object_component>
      <object_component id="oc-13">
         <name>.debug_info</name>
         <load_address>0xed1</load_address>
         <run_address>0xed1</run_address>
         <size>0xf6</size>
         <input_file_ref idref="fl-2"/>
      </object_component>
      <object_component id="oc-28">
         <name>.debug_info</name>
         <load_address>0xfc7</load_address>
         <run_address>0xfc7</run_address>
         <size>0x272</size>
         <input_file_ref idref="fl-2"/>
      </object_component>
      <object_component id="oc-9d">
         <name>.debug_info</name>
         <load_address>0x1239</load_address>
         <run_address>0x1239</run_address>
         <size>0x2d4</size>
         <input_file_ref idref="fl-bc"/>
      </object_component>
      <object_component id="oc-50">
         <name>.debug_info</name>
         <load_address>0x150d</load_address>
         <run_address>0x150d</run_address>
         <size>0x1d2</size>
         <input_file_ref idref="fl-bc"/>
      </object_component>
      <object_component id="oc-98">
         <name>.debug_info</name>
         <load_address>0x16df</load_address>
         <run_address>0x16df</run_address>
         <size>0x46</size>
         <input_file_ref idref="fl-bc"/>
      </object_component>
      <object_component id="oc-c6">
         <name>.debug_info</name>
         <load_address>0x1725</load_address>
         <run_address>0x1725</run_address>
         <size>0x2c</size>
         <input_file_ref idref="fl-bc"/>
      </object_component>
      <object_component id="oc-4c">
         <name>.debug_info</name>
         <load_address>0x1751</load_address>
         <run_address>0x1751</run_address>
         <size>0x2a8</size>
         <input_file_ref idref="fl-bd"/>
      </object_component>
      <object_component id="oc-1c">
         <name>.debug_info</name>
         <load_address>0x19f9</load_address>
         <run_address>0x19f9</run_address>
         <size>0x1ea</size>
         <input_file_ref idref="fl-bd"/>
      </object_component>
      <object_component id="oc-47">
         <name>.debug_info</name>
         <load_address>0x1be3</load_address>
         <run_address>0x1be3</run_address>
         <size>0x46</size>
         <input_file_ref idref="fl-bd"/>
      </object_component>
      <object_component id="oc-90">
         <name>.debug_info</name>
         <load_address>0x1c29</load_address>
         <run_address>0x1c29</run_address>
         <size>0x2c</size>
         <input_file_ref idref="fl-bd"/>
      </object_component>
      <object_component id="oc-8e">
         <name>.debug_info</name>
         <load_address>0x1c55</load_address>
         <run_address>0x1c55</run_address>
         <size>0x29e</size>
         <input_file_ref idref="fl-be"/>
      </object_component>
      <object_component id="oc-16">
         <name>.debug_info</name>
         <load_address>0x1ef3</load_address>
         <run_address>0x1ef3</run_address>
         <size>0x250</size>
         <input_file_ref idref="fl-be"/>
      </object_component>
      <object_component id="oc-37">
         <name>.debug_info</name>
         <load_address>0x2143</load_address>
         <run_address>0x2143</run_address>
         <size>0x60</size>
         <input_file_ref idref="fl-be"/>
      </object_component>
      <object_component id="oc-bf">
         <name>.debug_info</name>
         <load_address>0x21a3</load_address>
         <run_address>0x21a3</run_address>
         <size>0x46</size>
         <input_file_ref idref="fl-be"/>
      </object_component>
      <object_component id="oc-89">
         <name>.debug_info</name>
         <load_address>0x21e9</load_address>
         <run_address>0x21e9</run_address>
         <size>0x39</size>
         <input_file_ref idref="fl-be"/>
      </object_component>
      <object_component id="oc-25">
         <name>.debug_info</name>
         <load_address>0x2222</load_address>
         <run_address>0x2222</run_address>
         <size>0x10b</size>
         <input_file_ref idref="fl-bf"/>
      </object_component>
      <object_component id="oc-60">
         <name>.debug_info</name>
         <load_address>0x232d</load_address>
         <run_address>0x232d</run_address>
         <size>0x1a9</size>
         <input_file_ref idref="fl-bf"/>
      </object_component>
      <object_component id="oc-42">
         <name>.debug_info</name>
         <load_address>0x24d6</load_address>
         <run_address>0x24d6</run_address>
         <size>0x119</size>
         <input_file_ref idref="fl-c0"/>
      </object_component>
      <object_component id="oc-118">
         <name>.debug_info</name>
         <load_address>0x25ef</load_address>
         <run_address>0x25ef</run_address>
         <size>0x4b3</size>
         <input_file_ref idref="fl-c2"/>
      </object_component>
      <object_component id="oc-dc">
         <name>.debug_info</name>
         <load_address>0x2aa2</load_address>
         <run_address>0x2aa2</run_address>
         <size>0x1a6</size>
         <input_file_ref idref="fl-c2"/>
      </object_component>
      <object_component id="oc-13d">
         <name>.debug_info</name>
         <load_address>0x2c48</load_address>
         <run_address>0x2c48</run_address>
         <size>0x39</size>
         <input_file_ref idref="fl-c2"/>
      </object_component>
      <object_component id="oc-151">
         <name>.debug_info</name>
         <load_address>0x2c81</load_address>
         <run_address>0x2c81</run_address>
         <size>0x39</size>
         <input_file_ref idref="fl-c2"/>
      </object_component>
      <object_component id="oc-142">
         <name>.debug_info</name>
         <load_address>0x2cba</load_address>
         <run_address>0x2cba</run_address>
         <size>0x39</size>
         <input_file_ref idref="fl-c2"/>
      </object_component>
      <object_component id="oc-147">
         <name>.debug_info</name>
         <load_address>0x2cf3</load_address>
         <run_address>0x2cf3</run_address>
         <size>0xcd</size>
         <input_file_ref idref="fl-c2"/>
      </object_component>
      <object_component id="oc-a5">
         <name>.debug_info</name>
         <load_address>0x2dc0</load_address>
         <run_address>0x2dc0</run_address>
         <size>0x153</size>
         <input_file_ref idref="fl-c3"/>
      </object_component>
      <object_component id="oc-d0">
         <name>.debug_info</name>
         <load_address>0x2f13</load_address>
         <run_address>0x2f13</run_address>
         <size>0x122</size>
         <input_file_ref idref="fl-c5"/>
      </object_component>
      <object_component id="oc-18c">
         <name>.debug_info</name>
         <load_address>0x3035</load_address>
         <run_address>0x3035</run_address>
         <size>0xa9</size>
      </object_component>
      <object_component id="oc-b7">
         <name>.debug_line</name>
         <load_address>0x0</load_address>
         <run_address>0x0</run_address>
         <size>0x2d</size>
         <input_file_ref idref="fl-1"/>
      </object_component>
      <object_component id="oc-b9">
         <name>.debug_line</name>
         <load_address>0x2d</load_address>
         <run_address>0x2d</run_address>
         <size>0x2d</size>
         <input_file_ref idref="fl-1"/>
      </object_component>
      <object_component id="oc-31">
         <name>.debug_line</name>
         <load_address>0x5a</load_address>
         <run_address>0x5a</run_address>
         <size>0xdd</size>
         <input_file_ref idref="fl-1"/>
      </object_component>
      <object_component id="oc-82">
         <name>.debug_line</name>
         <load_address>0x137</load_address>
         <run_address>0x137</run_address>
         <size>0x79</size>
         <input_file_ref idref="fl-1"/>
      </object_component>
      <object_component id="oc-3f">
         <name>.debug_line</name>
         <load_address>0x1b0</load_address>
         <run_address>0x1b0</run_address>
         <size>0x20</size>
         <input_file_ref idref="fl-1"/>
      </object_component>
      <object_component id="oc-bd">
         <name>.debug_line</name>
         <load_address>0x1d0</load_address>
         <run_address>0x1d0</run_address>
         <size>0x7d</size>
         <input_file_ref idref="fl-1"/>
      </object_component>
      <object_component id="oc-87">
         <name>.debug_line</name>
         <load_address>0x24d</load_address>
         <run_address>0x24d</run_address>
         <size>0x7a</size>
         <input_file_ref idref="fl-1"/>
      </object_component>
      <object_component id="oc-7e">
         <name>.debug_line</name>
         <load_address>0x2c7</load_address>
         <run_address>0x2c7</run_address>
         <size>0x41</size>
         <input_file_ref idref="fl-2"/>
      </object_component>
      <object_component id="oc-34">
         <name>.debug_line</name>
         <load_address>0x308</load_address>
         <run_address>0x308</run_address>
         <size>0x41</size>
         <input_file_ref idref="fl-2"/>
      </object_component>
      <object_component id="oc-2b">
         <name>.debug_line</name>
         <load_address>0x349</load_address>
         <run_address>0x349</run_address>
         <size>0xa1</size>
         <input_file_ref idref="fl-2"/>
      </object_component>
      <object_component id="oc-cc">
         <name>.debug_line</name>
         <load_address>0x3ea</load_address>
         <run_address>0x3ea</run_address>
         <size>0x92</size>
         <input_file_ref idref="fl-bc"/>
      </object_component>
      <object_component id="oc-52">
         <name>.debug_line</name>
         <load_address>0x47c</load_address>
         <run_address>0x47c</run_address>
         <size>0x4c</size>
         <input_file_ref idref="fl-bc"/>
      </object_component>
      <object_component id="oc-9b">
         <name>.debug_line</name>
         <load_address>0x4c8</load_address>
         <run_address>0x4c8</run_address>
         <size>0x34</size>
         <input_file_ref idref="fl-bc"/>
      </object_component>
      <object_component id="oc-c9">
         <name>.debug_line</name>
         <load_address>0x4fc</load_address>
         <run_address>0x4fc</run_address>
         <size>0x92</size>
         <input_file_ref idref="fl-bc"/>
      </object_component>
      <object_component id="oc-96">
         <name>.debug_line</name>
         <load_address>0x58e</load_address>
         <run_address>0x58e</run_address>
         <size>0x20</size>
         <input_file_ref idref="fl-bd"/>
      </object_component>
      <object_component id="oc-1f">
         <name>.debug_line</name>
         <load_address>0x5ae</load_address>
         <run_address>0x5ae</run_address>
         <size>0x55</size>
         <input_file_ref idref="fl-bd"/>
      </object_component>
      <object_component id="oc-4a">
         <name>.debug_line</name>
         <load_address>0x603</load_address>
         <run_address>0x603</run_address>
         <size>0x3a</size>
         <input_file_ref idref="fl-bd"/>
      </object_component>
      <object_component id="oc-93">
         <name>.debug_line</name>
         <load_address>0x63d</load_address>
         <run_address>0x63d</run_address>
         <size>0x92</size>
         <input_file_ref idref="fl-bd"/>
      </object_component>
      <object_component id="oc-c5">
         <name>.debug_line</name>
         <load_address>0x6cf</load_address>
         <run_address>0x6cf</run_address>
         <size>0x20</size>
         <input_file_ref idref="fl-be"/>
      </object_component>
      <object_component id="oc-19">
         <name>.debug_line</name>
         <load_address>0x6ef</load_address>
         <run_address>0x6ef</run_address>
         <size>0xa9</size>
         <input_file_ref idref="fl-be"/>
      </object_component>
      <object_component id="oc-3a">
         <name>.debug_line</name>
         <load_address>0x798</load_address>
         <run_address>0x798</run_address>
         <size>0x3a</size>
         <input_file_ref idref="fl-be"/>
      </object_component>
      <object_component id="oc-c2">
         <name>.debug_line</name>
         <load_address>0x7d2</load_address>
         <run_address>0x7d2</run_address>
         <size>0x9a</size>
         <input_file_ref idref="fl-be"/>
      </object_component>
      <object_component id="oc-8c">
         <name>.debug_line</name>
         <load_address>0x86c</load_address>
         <run_address>0x86c</run_address>
         <size>0x96</size>
         <input_file_ref idref="fl-be"/>
      </object_component>
      <object_component id="oc-72">
         <name>.debug_line</name>
         <load_address>0x902</load_address>
         <run_address>0x902</run_address>
         <size>0x33</size>
         <input_file_ref idref="fl-bf"/>
      </object_component>
      <object_component id="oc-63">
         <name>.debug_line</name>
         <load_address>0x935</load_address>
         <run_address>0x935</run_address>
         <size>0x45</size>
         <input_file_ref idref="fl-bf"/>
      </object_component>
      <object_component id="oc-45">
         <name>.debug_line</name>
         <load_address>0x97a</load_address>
         <run_address>0x97a</run_address>
         <size>0x88</size>
         <input_file_ref idref="fl-c0"/>
      </object_component>
      <object_component id="oc-13c">
         <name>.debug_line</name>
         <load_address>0xa02</load_address>
         <run_address>0xa02</run_address>
         <size>0xbf</size>
         <input_file_ref idref="fl-c2"/>
      </object_component>
      <object_component id="oc-df">
         <name>.debug_line</name>
         <load_address>0xac1</load_address>
         <run_address>0xac1</run_address>
         <size>0x6f</size>
         <input_file_ref idref="fl-c2"/>
      </object_component>
      <object_component id="oc-140">
         <name>.debug_line</name>
         <load_address>0xb30</load_address>
         <run_address>0xb30</run_address>
         <size>0x2e</size>
         <input_file_ref idref="fl-c2"/>
      </object_component>
      <object_component id="oc-154">
         <name>.debug_line</name>
         <load_address>0xb5e</load_address>
         <run_address>0xb5e</run_address>
         <size>0x9a</size>
         <input_file_ref idref="fl-c2"/>
      </object_component>
      <object_component id="oc-145">
         <name>.debug_line</name>
         <load_address>0xbf8</load_address>
         <run_address>0xbf8</run_address>
         <size>0x97</size>
         <input_file_ref idref="fl-c2"/>
      </object_component>
      <object_component id="oc-14a">
         <name>.debug_line</name>
         <load_address>0xc8f</load_address>
         <run_address>0xc8f</run_address>
         <size>0x93</size>
         <input_file_ref idref="fl-c2"/>
      </object_component>
      <object_component id="oc-a8">
         <name>.debug_line</name>
         <load_address>0xd22</load_address>
         <run_address>0xd22</run_address>
         <size>0x40</size>
         <input_file_ref idref="fl-c3"/>
      </object_component>
      <object_component id="oc-d3">
         <name>.debug_line</name>
         <load_address>0xd62</load_address>
         <run_address>0xd62</run_address>
         <size>0x3c</size>
         <input_file_ref idref="fl-c5"/>
      </object_component>
      <object_component id="oc-32">
         <name>.debug_frame</name>
         <load_address>0x0</load_address>
         <run_address>0x0</run_address>
         <size>0x94</size>
         <input_file_ref idref="fl-1"/>
      </object_component>
      <object_component id="oc-2c">
         <name>.debug_frame</name>
         <load_address>0x94</load_address>
         <run_address>0x94</run_address>
         <size>0x90</size>
         <input_file_ref idref="fl-2"/>
      </object_component>
      <object_component id="oc-4f">
         <name>.debug_frame</name>
         <load_address>0x124</load_address>
         <run_address>0x124</run_address>
         <size>0x54</size>
         <input_file_ref idref="fl-bc"/>
      </object_component>
      <object_component id="oc-20">
         <name>.debug_frame</name>
         <load_address>0x178</load_address>
         <run_address>0x178</run_address>
         <size>0x54</size>
         <input_file_ref idref="fl-bd"/>
      </object_component>
      <object_component id="oc-1a">
         <name>.debug_frame</name>
         <load_address>0x1cc</load_address>
         <run_address>0x1cc</run_address>
         <size>0x60</size>
         <input_file_ref idref="fl-be"/>
      </object_component>
      <object_component id="oc-64">
         <name>.debug_frame</name>
         <load_address>0x22c</load_address>
         <run_address>0x22c</run_address>
         <size>0x50</size>
         <input_file_ref idref="fl-bf"/>
      </object_component>
      <object_component id="oc-e0">
         <name>.debug_frame</name>
         <load_address>0x27c</load_address>
         <run_address>0x27c</run_address>
         <size>0x5c</size>
         <input_file_ref idref="fl-c2"/>
      </object_component>
      <object_component id="oc-a9">
         <name>.debug_frame</name>
         <load_address>0x2d8</load_address>
         <run_address>0x2d8</run_address>
         <size>0x54</size>
         <input_file_ref idref="fl-c3"/>
      </object_component>
      <object_component id="oc-d4">
         <name>.debug_frame</name>
         <load_address>0x32c</load_address>
         <run_address>0x32c</run_address>
         <size>0x54</size>
         <input_file_ref idref="fl-c5"/>
      </object_component>
      <object_component id="oc-b6">
         <name>.debug_abbrev</name>
         <load_address>0x0</load_address>
         <run_address>0x0</run_address>
         <size>0x58</size>
         <input_file_ref idref="fl-1"/>
      </object_component>
      <object_component id="oc-b8">
         <name>.debug_abbrev</name>
         <load_address>0x58</load_address>
         <run_address>0x58</run_address>
         <size>0x29</size>
         <input_file_ref idref="fl-1"/>
      </object_component>
      <object_component id="oc-7c">
         <name>.debug_abbrev</name>
         <load_address>0x81</load_address>
         <run_address>0x81</run_address>
         <size>0x5e</size>
         <input_file_ref idref="fl-1"/>
      </object_component>
      <object_component id="oc-81">
         <name>.debug_abbrev</name>
         <load_address>0xdf</load_address>
         <run_address>0xdf</run_address>
         <size>0x69</size>
         <input_file_ref idref="fl-1"/>
      </object_component>
      <object_component id="oc-3e">
         <name>.debug_abbrev</name>
         <load_address>0x148</load_address>
         <run_address>0x148</run_address>
         <size>0x1f</size>
         <input_file_ref idref="fl-1"/>
      </object_component>
      <object_component id="oc-bc">
         <name>.debug_abbrev</name>
         <load_address>0x167</load_address>
         <run_address>0x167</run_address>
         <size>0x5c</size>
         <input_file_ref idref="fl-1"/>
      </object_component>
      <object_component id="oc-86">
         <name>.debug_abbrev</name>
         <load_address>0x1c3</load_address>
         <run_address>0x1c3</run_address>
         <size>0x24</size>
         <input_file_ref idref="fl-1"/>
      </object_component>
      <object_component id="oc-7d">
         <name>.debug_abbrev</name>
         <load_address>0x1e7</load_address>
         <run_address>0x1e7</run_address>
         <size>0x7c</size>
         <input_file_ref idref="fl-2"/>
      </object_component>
      <object_component id="oc-33">
         <name>.debug_abbrev</name>
         <load_address>0x263</load_address>
         <run_address>0x263</run_address>
         <size>0x29</size>
         <input_file_ref idref="fl-2"/>
      </object_component>
      <object_component id="oc-73">
         <name>.debug_abbrev</name>
         <load_address>0x28c</load_address>
         <run_address>0x28c</run_address>
         <size>0x79</size>
         <input_file_ref idref="fl-2"/>
      </object_component>
      <object_component id="oc-cb">
         <name>.debug_abbrev</name>
         <load_address>0x305</load_address>
         <run_address>0x305</run_address>
         <size>0x5d</size>
         <input_file_ref idref="fl-bc"/>
      </object_component>
      <object_component id="oc-97">
         <name>.debug_abbrev</name>
         <load_address>0x362</load_address>
         <run_address>0x362</run_address>
         <size>0x6f</size>
         <input_file_ref idref="fl-bc"/>
      </object_component>
      <object_component id="oc-9a">
         <name>.debug_abbrev</name>
         <load_address>0x3d1</load_address>
         <run_address>0x3d1</run_address>
         <size>0x24</size>
         <input_file_ref idref="fl-bc"/>
      </object_component>
      <object_component id="oc-c8">
         <name>.debug_abbrev</name>
         <load_address>0x3f5</load_address>
         <run_address>0x3f5</run_address>
         <size>0x24</size>
         <input_file_ref idref="fl-bc"/>
      </object_component>
      <object_component id="oc-95">
         <name>.debug_abbrev</name>
         <load_address>0x419</load_address>
         <run_address>0x419</run_address>
         <size>0x37</size>
         <input_file_ref idref="fl-bd"/>
      </object_component>
      <object_component id="oc-46">
         <name>.debug_abbrev</name>
         <load_address>0x450</load_address>
         <run_address>0x450</run_address>
         <size>0x74</size>
         <input_file_ref idref="fl-bd"/>
      </object_component>
      <object_component id="oc-49">
         <name>.debug_abbrev</name>
         <load_address>0x4c4</load_address>
         <run_address>0x4c4</run_address>
         <size>0x24</size>
         <input_file_ref idref="fl-bd"/>
      </object_component>
      <object_component id="oc-92">
         <name>.debug_abbrev</name>
         <load_address>0x4e8</load_address>
         <run_address>0x4e8</run_address>
         <size>0x24</size>
         <input_file_ref idref="fl-bd"/>
      </object_component>
      <object_component id="oc-c4">
         <name>.debug_abbrev</name>
         <load_address>0x50c</load_address>
         <run_address>0x50c</run_address>
         <size>0x37</size>
         <input_file_ref idref="fl-be"/>
      </object_component>
      <object_component id="oc-36">
         <name>.debug_abbrev</name>
         <load_address>0x543</load_address>
         <run_address>0x543</run_address>
         <size>0x6f</size>
         <input_file_ref idref="fl-be"/>
      </object_component>
      <object_component id="oc-39">
         <name>.debug_abbrev</name>
         <load_address>0x5b2</load_address>
         <run_address>0x5b2</run_address>
         <size>0x24</size>
         <input_file_ref idref="fl-be"/>
      </object_component>
      <object_component id="oc-c1">
         <name>.debug_abbrev</name>
         <load_address>0x5d6</load_address>
         <run_address>0x5d6</run_address>
         <size>0x35</size>
         <input_file_ref idref="fl-be"/>
      </object_component>
      <object_component id="oc-8b">
         <name>.debug_abbrev</name>
         <load_address>0x60b</load_address>
         <run_address>0x60b</run_address>
         <size>0x24</size>
         <input_file_ref idref="fl-be"/>
      </object_component>
      <object_component id="oc-71">
         <name>.debug_abbrev</name>
         <load_address>0x62f</load_address>
         <run_address>0x62f</run_address>
         <size>0x29</size>
         <input_file_ref idref="fl-bf"/>
      </object_component>
      <object_component id="oc-ad">
         <name>.debug_abbrev</name>
         <load_address>0x658</load_address>
         <run_address>0x658</run_address>
         <size>0x55</size>
         <input_file_ref idref="fl-bf"/>
      </object_component>
      <object_component id="oc-8f">
         <name>.debug_abbrev</name>
         <load_address>0x6ad</load_address>
         <run_address>0x6ad</run_address>
         <size>0x3e</size>
         <input_file_ref idref="fl-c0"/>
      </object_component>
      <object_component id="oc-13b">
         <name>.debug_abbrev</name>
         <load_address>0x6eb</load_address>
         <run_address>0x6eb</run_address>
         <size>0xc0</size>
         <input_file_ref idref="fl-c2"/>
      </object_component>
      <object_component id="oc-117">
         <name>.debug_abbrev</name>
         <load_address>0x7ab</load_address>
         <run_address>0x7ab</run_address>
         <size>0x7e</size>
         <input_file_ref idref="fl-c2"/>
      </object_component>
      <object_component id="oc-13f">
         <name>.debug_abbrev</name>
         <load_address>0x829</load_address>
         <run_address>0x829</run_address>
         <size>0x24</size>
         <input_file_ref idref="fl-c2"/>
      </object_component>
      <object_component id="oc-153">
         <name>.debug_abbrev</name>
         <load_address>0x84d</load_address>
         <run_address>0x84d</run_address>
         <size>0x24</size>
         <input_file_ref idref="fl-c2"/>
      </object_component>
      <object_component id="oc-144">
         <name>.debug_abbrev</name>
         <load_address>0x871</load_address>
         <run_address>0x871</run_address>
         <size>0x24</size>
         <input_file_ref idref="fl-c2"/>
      </object_component>
      <object_component id="oc-149">
         <name>.debug_abbrev</name>
         <load_address>0x895</load_address>
         <run_address>0x895</run_address>
         <size>0x4b</size>
         <input_file_ref idref="fl-c2"/>
      </object_component>
      <object_component id="oc-ce">
         <name>.debug_abbrev</name>
         <load_address>0x8e0</load_address>
         <run_address>0x8e0</run_address>
         <size>0x55</size>
         <input_file_ref idref="fl-c3"/>
      </object_component>
      <object_component id="oc-10d">
         <name>.debug_abbrev</name>
         <load_address>0x935</load_address>
         <run_address>0x935</run_address>
         <size>0x45</size>
         <input_file_ref idref="fl-c5"/>
      </object_component>
      <object_component id="oc-18d">
         <name>.debug_abbrev</name>
         <load_address>0x97a</load_address>
         <run_address>0x97a</run_address>
         <size>0xf</size>
      </object_component>
      <object_component id="oc-83">
         <name>.debug_str</name>
         <load_address>0x0</load_address>
         <run_address>0x0</run_address>
         <size>0x2c4</size>
         <input_file_ref idref="fl-1"/>
      </object_component>
      <object_component id="oc-40">
         <name>.debug_str</name>
         <load_address>0x2c4</load_address>
         <run_address>0x2c4</run_address>
         <size>0xff</size>
         <input_file_ref idref="fl-1"/>
      </object_component>
      <object_component id="oc-be">
         <name>.debug_str</name>
         <load_address>0x3c3</load_address>
         <run_address>0x3c3</run_address>
         <size>0x35a</size>
         <input_file_ref idref="fl-1"/>
      </object_component>
      <object_component id="oc-88">
         <name>.debug_str</name>
         <load_address>0x71d</load_address>
         <run_address>0x71d</run_address>
         <size>0x15c</size>
         <input_file_ref idref="fl-1"/>
      </object_component>
      <object_component id="oc-9c">
         <name>.debug_str</name>
         <load_address>0x879</load_address>
         <run_address>0x879</run_address>
         <size>0x105</size>
         <input_file_ref idref="fl-bc"/>
      </object_component>
      <object_component id="oc-ca">
         <name>.debug_str</name>
         <load_address>0x97e</load_address>
         <run_address>0x97e</run_address>
         <size>0x140</size>
         <input_file_ref idref="fl-bc"/>
      </object_component>
      <object_component id="oc-4b">
         <name>.debug_str</name>
         <load_address>0xabe</load_address>
         <run_address>0xabe</run_address>
         <size>0x10b</size>
         <input_file_ref idref="fl-bd"/>
      </object_component>
      <object_component id="oc-94">
         <name>.debug_str</name>
         <load_address>0xbc9</load_address>
         <run_address>0xbc9</run_address>
         <size>0x140</size>
         <input_file_ref idref="fl-bd"/>
      </object_component>
      <object_component id="oc-3b">
         <name>.debug_str</name>
         <load_address>0xd09</load_address>
         <run_address>0xd09</run_address>
         <size>0x118</size>
         <input_file_ref idref="fl-be"/>
      </object_component>
      <object_component id="oc-c3">
         <name>.debug_str</name>
         <load_address>0xe21</load_address>
         <run_address>0xe21</run_address>
         <size>0x16b</size>
         <input_file_ref idref="fl-be"/>
      </object_component>
      <object_component id="oc-8d">
         <name>.debug_str</name>
         <load_address>0xf8c</load_address>
         <run_address>0xf8c</run_address>
         <size>0x158</size>
         <input_file_ref idref="fl-be"/>
      </object_component>
      <object_component id="oc-141">
         <name>.debug_str</name>
         <load_address>0x10e4</load_address>
         <run_address>0x10e4</run_address>
         <size>0xed</size>
         <input_file_ref idref="fl-c2"/>
      </object_component>
      <object_component id="oc-155">
         <name>.debug_str</name>
         <load_address>0x11d1</load_address>
         <run_address>0x11d1</run_address>
         <size>0x157</size>
         <input_file_ref idref="fl-c2"/>
      </object_component>
      <object_component id="oc-146">
         <name>.debug_str</name>
         <load_address>0x1328</load_address>
         <run_address>0x1328</run_address>
         <size>0x150</size>
         <input_file_ref idref="fl-c2"/>
      </object_component>
      <object_component id="oc-14b">
         <name>.debug_str</name>
         <load_address>0x1478</load_address>
         <run_address>0x1478</run_address>
         <size>0x197</size>
         <input_file_ref idref="fl-c2"/>
      </object_component>
      <object_component id="oc-2f">
         <name>.debug_aranges</name>
         <load_address>0x0</load_address>
         <run_address>0x0</run_address>
         <size>0x38</size>
         <input_file_ref idref="fl-1"/>
      </object_component>
      <object_component id="oc-29">
         <name>.debug_aranges</name>
         <load_address>0x38</load_address>
         <run_address>0x38</run_address>
         <size>0x38</size>
         <input_file_ref idref="fl-2"/>
      </object_component>
      <object_component id="oc-4e">
         <name>.debug_aranges</name>
         <load_address>0x70</load_address>
         <run_address>0x70</run_address>
         <size>0x20</size>
         <input_file_ref idref="fl-bc"/>
      </object_component>
      <object_component id="oc-1d">
         <name>.debug_aranges</name>
         <load_address>0x90</load_address>
         <run_address>0x90</run_address>
         <size>0x20</size>
         <input_file_ref idref="fl-bd"/>
      </object_component>
      <object_component id="oc-17">
         <name>.debug_aranges</name>
         <load_address>0xb0</load_address>
         <run_address>0xb0</run_address>
         <size>0x20</size>
         <input_file_ref idref="fl-be"/>
      </object_component>
      <object_component id="oc-61">
         <name>.debug_aranges</name>
         <load_address>0xd0</load_address>
         <run_address>0xd0</run_address>
         <size>0x20</size>
         <input_file_ref idref="fl-bf"/>
      </object_component>
      <object_component id="oc-43">
         <name>.debug_aranges</name>
         <load_address>0xf0</load_address>
         <run_address>0xf0</run_address>
         <size>0x20</size>
         <input_file_ref idref="fl-c0"/>
      </object_component>
      <object_component id="oc-dd">
         <name>.debug_aranges</name>
         <load_address>0x110</load_address>
         <run_address>0x110</run_address>
         <size>0x20</size>
         <input_file_ref idref="fl-c2"/>
      </object_component>
      <object_component id="oc-a6">
         <name>.debug_aranges</name>
         <load_address>0x130</load_address>
         <run_address>0x130</run_address>
         <size>0x20</size>
         <input_file_ref idref="fl-c3"/>
      </object_component>
      <object_component id="oc-d1">
         <name>.debug_aranges</name>
         <load_address>0x150</load_address>
         <run_address>0x150</run_address>
         <size>0x20</size>
         <input_file_ref idref="fl-c5"/>
      </object_component>
      <object_component id="oc-76">
         <name>.debug_pubnames</name>
         <load_address>0x0</load_address>
         <run_address>0x0</run_address>
         <size>0x30</size>
         <input_file_ref idref="fl-1"/>
      </object_component>
      <object_component id="oc-7a">
         <name>.debug_pubnames</name>
         <load_address>0x30</load_address>
         <run_address>0x30</run_address>
         <size>0x1a</size>
         <input_file_ref idref="fl-1"/>
      </object_component>
      <object_component id="oc-30">
         <name>.debug_pubnames</name>
         <load_address>0x4a</load_address>
         <run_address>0x4a</run_address>
         <size>0x4d</size>
         <input_file_ref idref="fl-1"/>
      </object_component>
      <object_component id="oc-14">
         <name>.debug_pubnames</name>
         <load_address>0x97</load_address>
         <run_address>0x97</run_address>
         <size>0x23</size>
         <input_file_ref idref="fl-2"/>
      </object_component>
      <object_component id="oc-2a">
         <name>.debug_pubnames</name>
         <load_address>0xba</load_address>
         <run_address>0xba</run_address>
         <size>0x4c</size>
         <input_file_ref idref="fl-2"/>
      </object_component>
      <object_component id="oc-51">
         <name>.debug_pubnames</name>
         <load_address>0x106</load_address>
         <run_address>0x106</run_address>
         <size>0x2e</size>
         <input_file_ref idref="fl-bc"/>
      </object_component>
      <object_component id="oc-1e">
         <name>.debug_pubnames</name>
         <load_address>0x134</load_address>
         <run_address>0x134</run_address>
         <size>0x2b</size>
         <input_file_ref idref="fl-bd"/>
      </object_component>
      <object_component id="oc-18">
         <name>.debug_pubnames</name>
         <load_address>0x15f</load_address>
         <run_address>0x15f</run_address>
         <size>0x2b</size>
         <input_file_ref idref="fl-be"/>
      </object_component>
      <object_component id="oc-26">
         <name>.debug_pubnames</name>
         <load_address>0x18a</load_address>
         <run_address>0x18a</run_address>
         <size>0x1e</size>
         <input_file_ref idref="fl-bf"/>
      </object_component>
      <object_component id="oc-62">
         <name>.debug_pubnames</name>
         <load_address>0x1a8</load_address>
         <run_address>0x1a8</run_address>
         <size>0x26</size>
         <input_file_ref idref="fl-bf"/>
      </object_component>
      <object_component id="oc-44">
         <name>.debug_pubnames</name>
         <load_address>0x1ce</load_address>
         <run_address>0x1ce</run_address>
         <size>0x1d</size>
         <input_file_ref idref="fl-c0"/>
      </object_component>
      <object_component id="oc-de">
         <name>.debug_pubnames</name>
         <load_address>0x1eb</load_address>
         <run_address>0x1eb</run_address>
         <size>0x35</size>
         <input_file_ref idref="fl-c2"/>
      </object_component>
      <object_component id="oc-a7">
         <name>.debug_pubnames</name>
         <load_address>0x220</load_address>
         <run_address>0x220</run_address>
         <size>0x27</size>
         <input_file_ref idref="fl-c3"/>
      </object_component>
      <object_component id="oc-d2">
         <name>.debug_pubnames</name>
         <load_address>0x247</load_address>
         <run_address>0x247</run_address>
         <size>0x1c</size>
         <input_file_ref idref="fl-c5"/>
      </object_component>
      <object_component id="oc-80">
         <name>.debug_pubtypes</name>
         <load_address>0x0</load_address>
         <run_address>0x0</run_address>
         <size>0x25c</size>
         <input_file_ref idref="fl-1"/>
      </object_component>
      <object_component id="oc-3d">
         <name>.debug_pubtypes</name>
         <load_address>0x25c</load_address>
         <run_address>0x25c</run_address>
         <size>0xed</size>
         <input_file_ref idref="fl-1"/>
      </object_component>
      <object_component id="oc-bb">
         <name>.debug_pubtypes</name>
         <load_address>0x349</load_address>
         <run_address>0x349</run_address>
         <size>0x330</size>
         <input_file_ref idref="fl-1"/>
      </object_component>
      <object_component id="oc-85">
         <name>.debug_pubtypes</name>
         <load_address>0x679</load_address>
         <run_address>0x679</run_address>
         <size>0xaa</size>
         <input_file_ref idref="fl-1"/>
      </object_component>
      <object_component id="oc-99">
         <name>.debug_pubtypes</name>
         <load_address>0x723</load_address>
         <run_address>0x723</run_address>
         <size>0x48</size>
         <input_file_ref idref="fl-bc"/>
      </object_component>
      <object_component id="oc-c7">
         <name>.debug_pubtypes</name>
         <load_address>0x76b</load_address>
         <run_address>0x76b</run_address>
         <size>0x1d</size>
         <input_file_ref idref="fl-bc"/>
      </object_component>
      <object_component id="oc-48">
         <name>.debug_pubtypes</name>
         <load_address>0x788</load_address>
         <run_address>0x788</run_address>
         <size>0x48</size>
         <input_file_ref idref="fl-bd"/>
      </object_component>
      <object_component id="oc-91">
         <name>.debug_pubtypes</name>
         <load_address>0x7d0</load_address>
         <run_address>0x7d0</run_address>
         <size>0x1d</size>
         <input_file_ref idref="fl-bd"/>
      </object_component>
      <object_component id="oc-38">
         <name>.debug_pubtypes</name>
         <load_address>0x7ed</load_address>
         <run_address>0x7ed</run_address>
         <size>0x5d</size>
         <input_file_ref idref="fl-be"/>
      </object_component>
      <object_component id="oc-c0">
         <name>.debug_pubtypes</name>
         <load_address>0x84a</load_address>
         <run_address>0x84a</run_address>
         <size>0x48</size>
         <input_file_ref idref="fl-be"/>
      </object_component>
      <object_component id="oc-8a">
         <name>.debug_pubtypes</name>
         <load_address>0x892</load_address>
         <run_address>0x892</run_address>
         <size>0x35</size>
         <input_file_ref idref="fl-be"/>
      </object_component>
      <object_component id="oc-13e">
         <name>.debug_pubtypes</name>
         <load_address>0x8c7</load_address>
         <run_address>0x8c7</run_address>
         <size>0x32</size>
         <input_file_ref idref="fl-c2"/>
      </object_component>
      <object_component id="oc-152">
         <name>.debug_pubtypes</name>
         <load_address>0x8f9</load_address>
         <run_address>0x8f9</run_address>
         <size>0x30</size>
         <input_file_ref idref="fl-c2"/>
      </object_component>
      <object_component id="oc-143">
         <name>.debug_pubtypes</name>
         <load_address>0x929</load_address>
         <run_address>0x929</run_address>
         <size>0x2c</size>
         <input_file_ref idref="fl-c2"/>
      </object_component>
      <object_component id="oc-148">
         <name>.debug_pubtypes</name>
         <load_address>0x955</load_address>
         <run_address>0x955</run_address>
         <size>0x50</size>
         <input_file_ref idref="fl-c2"/>
      </object_component>
   </object_component_list>
   <logical_group_list>
      <logical_group id="lg-3" display="no" color="cyan">
         <name>.intvecs</name>
         <load_address>0x0</load_address>
         <run_address>0x0</run_address>
         <size>0x26c</size>
         <contents>
            <object_component_ref idref="oc-12"/>
         </contents>
      </logical_group>
      <logical_group id="lg-4" display="no" color="cyan">
         <name>.text</name>
         <load_address>0x26c</load_address>
         <run_address>0x26c</run_address>
         <size>0x45a</size>
         <contents>
            <object_component_ref idref="oc-2d"/>
            <object_component_ref idref="oc-41"/>
            <object_component_ref idref="oc-15"/>
            <object_component_ref idref="oc-db"/>
            <object_component_ref idref="oc-5f"/>
            <object_component_ref idref="oc-4d"/>
            <object_component_ref idref="oc-1b"/>
            <object_component_ref idref="oc-27"/>
            <object_component_ref idref="oc-a4"/>
            <object_component_ref idref="oc-cf"/>
         </contents>
      </logical_group>
      <logical_group id="lg-5" display="no" color="cyan">
         <name>.const</name>
         <run_address>0x0</run_address>
         <size>0x0</size>
         <contents>
         </contents>
      </logical_group>
      <logical_group id="lg-6" display="no" color="cyan">
         <name>.cinit</name>
         <load_address>0x6c8</load_address>
         <run_address>0x6c8</run_address>
         <size>0x30</size>
         <contents>
            <object_component_ref idref="oc-186"/>
            <object_component_ref idref="oc-189"/>
            <object_component_ref idref="oc-188"/>
            <object_component_ref idref="oc-187"/>
         </contents>
      </logical_group>
      <logical_group id="lg-7" display="no" color="cyan">
         <name>.pinit</name>
         <run_address>0x0</run_address>
         <size>0x0</size>
         <contents>
         </contents>
      </logical_group>
      <logical_group id="lg-8" display="no" color="cyan">
         <name>.init_array</name>
         <run_address>0x0</run_address>
         <size>0x0</size>
         <contents>
         </contents>
      </logical_group>
      <logical_group id="lg-9" display="no" color="cyan">
         <name>.vtable</name>
         <run_address>0x0</run_address>
         <size>0x0</size>
         <contents>
         </contents>
      </logical_group>
      <logical_group id="lg-a" display="no" color="cyan">
         <name>.data</name>
         <run_address>0x2000026c</run_address>
         <size>0x4</size>
         <contents>
            <object_component_ref idref="oc-78"/>
         </contents>
      </logical_group>
      <logical_group id="lg-b" display="no" color="cyan">
         <name>.bss</name>
         <run_address>0x20000200</run_address>
         <size>0x6c</size>
         <contents>
            <object_component_ref idref="oc-7b"/>
            <object_component_ref idref="oc-77"/>
            <object_component_ref idref="oc-74"/>
         </contents>
      </logical_group>
      <logical_group id="lg-c" display="no" color="cyan">
         <name>.sysmem</name>
         <run_address>0x0</run_address>
         <size>0x0</size>
         <contents>
         </contents>
      </logical_group>
      <logical_group id="lg-d" display="no" color="cyan">
         <name>.stack</name>
         <run_address>0x20000000</run_address>
         <size>0x200</size>
         <contents>
            <object_component_ref idref="oc-24"/>
            <object_component_ref idref="oc-18b"/>
         </contents>
      </logical_group>
      <logical_group id="lg-15d" display="no" color="cyan">
         <name>.TI.noinit</name>
         <run_address>0x0</run_address>
         <size>0x0</size>
         <contents>
         </contents>
      </logical_group>
      <logical_group id="lg-15e" display="no" color="cyan">
         <name>.TI.persistent</name>
         <run_address>0x0</run_address>
         <size>0x0</size>
         <contents>
         </contents>
      </logical_group>
      <logical_group id="lg-15f" display="no" color="cyan">
         <name>__llvm_prf_cnts</name>
         <run_address>0x20000000</run_address>
         <size>0x0</size>
         <contents>
         </contents>
      </logical_group>
      <logical_group id="lg-16e" display="never" color="cyan">
         <name>.debug_info</name>
         <load_address>0x0</load_address>
         <run_address>0x0</run_address>
         <size>0x30de</size>
         <contents>
            <object_component_ref idref="oc-75"/>
            <object_component_ref idref="oc-79"/>
            <object_component_ref idref="oc-2e"/>
            <object_component_ref idref="oc-7f"/>
            <object_component_ref idref="oc-3c"/>
            <object_component_ref idref="oc-ba"/>
            <object_component_ref idref="oc-84"/>
            <object_component_ref idref="oc-35"/>
            <object_component_ref idref="oc-13"/>
            <object_component_ref idref="oc-28"/>
            <object_component_ref idref="oc-9d"/>
            <object_component_ref idref="oc-50"/>
            <object_component_ref idref="oc-98"/>
            <object_component_ref idref="oc-c6"/>
            <object_component_ref idref="oc-4c"/>
            <object_component_ref idref="oc-1c"/>
            <object_component_ref idref="oc-47"/>
            <object_component_ref idref="oc-90"/>
            <object_component_ref idref="oc-8e"/>
            <object_component_ref idref="oc-16"/>
            <object_component_ref idref="oc-37"/>
            <object_component_ref idref="oc-bf"/>
            <object_component_ref idref="oc-89"/>
            <object_component_ref idref="oc-25"/>
            <object_component_ref idref="oc-60"/>
            <object_component_ref idref="oc-42"/>
            <object_component_ref idref="oc-118"/>
            <object_component_ref idref="oc-dc"/>
            <object_component_ref idref="oc-13d"/>
            <object_component_ref idref="oc-151"/>
            <object_component_ref idref="oc-142"/>
            <object_component_ref idref="oc-147"/>
            <object_component_ref idref="oc-a5"/>
            <object_component_ref idref="oc-d0"/>
            <object_component_ref idref="oc-18c"/>
         </contents>
      </logical_group>
      <logical_group id="lg-170" display="never" color="cyan">
         <name>.debug_line</name>
         <load_address>0x0</load_address>
         <run_address>0x0</run_address>
         <size>0xd9e</size>
         <contents>
            <object_component_ref idref="oc-b7"/>
            <object_component_ref idref="oc-b9"/>
            <object_component_ref idref="oc-31"/>
            <object_component_ref idref="oc-82"/>
            <object_component_ref idref="oc-3f"/>
            <object_component_ref idref="oc-bd"/>
            <object_component_ref idref="oc-87"/>
            <object_component_ref idref="oc-7e"/>
            <object_component_ref idref="oc-34"/>
            <object_component_ref idref="oc-2b"/>
            <object_component_ref idref="oc-cc"/>
            <object_component_ref idref="oc-52"/>
            <object_component_ref idref="oc-9b"/>
            <object_component_ref idref="oc-c9"/>
            <object_component_ref idref="oc-96"/>
            <object_component_ref idref="oc-1f"/>
            <object_component_ref idref="oc-4a"/>
            <object_component_ref idref="oc-93"/>
            <object_component_ref idref="oc-c5"/>
            <object_component_ref idref="oc-19"/>
            <object_component_ref idref="oc-3a"/>
            <object_component_ref idref="oc-c2"/>
            <object_component_ref idref="oc-8c"/>
            <object_component_ref idref="oc-72"/>
            <object_component_ref idref="oc-63"/>
            <object_component_ref idref="oc-45"/>
            <object_component_ref idref="oc-13c"/>
            <object_component_ref idref="oc-df"/>
            <object_component_ref idref="oc-140"/>
            <object_component_ref idref="oc-154"/>
            <object_component_ref idref="oc-145"/>
            <object_component_ref idref="oc-14a"/>
            <object_component_ref idref="oc-a8"/>
            <object_component_ref idref="oc-d3"/>
         </contents>
      </logical_group>
      <logical_group id="lg-172" display="never" color="cyan">
         <name>.debug_frame</name>
         <load_address>0x0</load_address>
         <run_address>0x0</run_address>
         <size>0x380</size>
         <contents>
            <object_component_ref idref="oc-32"/>
            <object_component_ref idref="oc-2c"/>
            <object_component_ref idref="oc-4f"/>
            <object_component_ref idref="oc-20"/>
            <object_component_ref idref="oc-1a"/>
            <object_component_ref idref="oc-64"/>
            <object_component_ref idref="oc-e0"/>
            <object_component_ref idref="oc-a9"/>
            <object_component_ref idref="oc-d4"/>
         </contents>
      </logical_group>
      <logical_group id="lg-174" display="never" color="cyan">
         <name>.debug_abbrev</name>
         <load_address>0x0</load_address>
         <run_address>0x0</run_address>
         <size>0x989</size>
         <contents>
            <object_component_ref idref="oc-b6"/>
            <object_component_ref idref="oc-b8"/>
            <object_component_ref idref="oc-7c"/>
            <object_component_ref idref="oc-81"/>
            <object_component_ref idref="oc-3e"/>
            <object_component_ref idref="oc-bc"/>
            <object_component_ref idref="oc-86"/>
            <object_component_ref idref="oc-7d"/>
            <object_component_ref idref="oc-33"/>
            <object_component_ref idref="oc-73"/>
            <object_component_ref idref="oc-cb"/>
            <object_component_ref idref="oc-97"/>
            <object_component_ref idref="oc-9a"/>
            <object_component_ref idref="oc-c8"/>
            <object_component_ref idref="oc-95"/>
            <object_component_ref idref="oc-46"/>
            <object_component_ref idref="oc-49"/>
            <object_component_ref idref="oc-92"/>
            <object_component_ref idref="oc-c4"/>
            <object_component_ref idref="oc-36"/>
            <object_component_ref idref="oc-39"/>
            <object_component_ref idref="oc-c1"/>
            <object_component_ref idref="oc-8b"/>
            <object_component_ref idref="oc-71"/>
            <object_component_ref idref="oc-ad"/>
            <object_component_ref idref="oc-8f"/>
            <object_component_ref idref="oc-13b"/>
            <object_component_ref idref="oc-117"/>
            <object_component_ref idref="oc-13f"/>
            <object_component_ref idref="oc-153"/>
            <object_component_ref idref="oc-144"/>
            <object_component_ref idref="oc-149"/>
            <object_component_ref idref="oc-ce"/>
            <object_component_ref idref="oc-10d"/>
            <object_component_ref idref="oc-18d"/>
         </contents>
      </logical_group>
      <logical_group id="lg-176" display="never" color="cyan">
         <name>.debug_str</name>
         <load_address>0x0</load_address>
         <run_address>0x0</run_address>
         <size>0x160f</size>
         <contents>
            <object_component_ref idref="oc-83"/>
            <object_component_ref idref="oc-40"/>
            <object_component_ref idref="oc-be"/>
            <object_component_ref idref="oc-88"/>
            <object_component_ref idref="oc-9c"/>
            <object_component_ref idref="oc-ca"/>
            <object_component_ref idref="oc-4b"/>
            <object_component_ref idref="oc-94"/>
            <object_component_ref idref="oc-3b"/>
            <object_component_ref idref="oc-c3"/>
            <object_component_ref idref="oc-8d"/>
            <object_component_ref idref="oc-141"/>
            <object_component_ref idref="oc-155"/>
            <object_component_ref idref="oc-146"/>
            <object_component_ref idref="oc-14b"/>
         </contents>
      </logical_group>
      <logical_group id="lg-178" display="never" color="cyan">
         <name>.debug_aranges</name>
         <load_address>0x0</load_address>
         <run_address>0x0</run_address>
         <size>0x170</size>
         <contents>
            <object_component_ref idref="oc-2f"/>
            <object_component_ref idref="oc-29"/>
            <object_component_ref idref="oc-4e"/>
            <object_component_ref idref="oc-1d"/>
            <object_component_ref idref="oc-17"/>
            <object_component_ref idref="oc-61"/>
            <object_component_ref idref="oc-43"/>
            <object_component_ref idref="oc-dd"/>
            <object_component_ref idref="oc-a6"/>
            <object_component_ref idref="oc-d1"/>
         </contents>
      </logical_group>
      <logical_group id="lg-17a" display="never" color="cyan">
         <name>.debug_pubnames</name>
         <load_address>0x0</load_address>
         <run_address>0x0</run_address>
         <size>0x263</size>
         <contents>
            <object_component_ref idref="oc-76"/>
            <object_component_ref idref="oc-7a"/>
            <object_component_ref idref="oc-30"/>
            <object_component_ref idref="oc-14"/>
            <object_component_ref idref="oc-2a"/>
            <object_component_ref idref="oc-51"/>
            <object_component_ref idref="oc-1e"/>
            <object_component_ref idref="oc-18"/>
            <object_component_ref idref="oc-26"/>
            <object_component_ref idref="oc-62"/>
            <object_component_ref idref="oc-44"/>
            <object_component_ref idref="oc-de"/>
            <object_component_ref idref="oc-a7"/>
            <object_component_ref idref="oc-d2"/>
         </contents>
      </logical_group>
      <logical_group id="lg-17c" display="never" color="cyan">
         <name>.debug_pubtypes</name>
         <load_address>0x0</load_address>
         <run_address>0x0</run_address>
         <size>0x9a5</size>
         <contents>
            <object_component_ref idref="oc-80"/>
            <object_component_ref idref="oc-3d"/>
            <object_component_ref idref="oc-bb"/>
            <object_component_ref idref="oc-85"/>
            <object_component_ref idref="oc-99"/>
            <object_component_ref idref="oc-c7"/>
            <object_component_ref idref="oc-48"/>
            <object_component_ref idref="oc-91"/>
            <object_component_ref idref="oc-38"/>
            <object_component_ref idref="oc-c0"/>
            <object_component_ref idref="oc-8a"/>
            <object_component_ref idref="oc-13e"/>
            <object_component_ref idref="oc-152"/>
            <object_component_ref idref="oc-143"/>
            <object_component_ref idref="oc-148"/>
         </contents>
      </logical_group>
      <logical_group id="lg-18a" display="no" color="cyan">
         <name>Veneer$$CMSE</name>
         <run_address>0x0</run_address>
         <size>0x0</size>
         <contents>
         </contents>
      </logical_group>
      <load_segment id="lg-190" display="no" color="cyan">
         <name>SEGMENT_0</name>
         <load_address>0x0</load_address>
         <run_address>0x0</run_address>
         <size>0x6f8</size>
         <flags>0x5</flags>
         <contents>
            <logical_group_ref idref="lg-3"/>
            <logical_group_ref idref="lg-4"/>
            <logical_group_ref idref="lg-6"/>
         </contents>
      </load_segment>
      <load_segment id="lg-191" display="no" color="cyan">
         <name>SEGMENT_1</name>
         <run_address>0x20000000</run_address>
         <size>0x270</size>
         <flags>0x6</flags>
         <contents>
            <logical_group_ref idref="lg-d"/>
            <logical_group_ref idref="lg-b"/>
            <logical_group_ref idref="lg-a"/>
         </contents>
      </load_segment>
   </logical_group_list>
   <placement_map>
      <memory_area display="yes" color="green">
         <name>FLASH</name>
         <page_id>0x0</page_id>
         <origin>0x0</origin>
         <length>0x40000</length>
         <used_space>0x6f6</used_space>
         <unused_space>0x3f90a</unused_space>
         <attributes>RX</attributes>
         <usage_details>
            <allocated_space>
               <start_address>0x0</start_address>
               <size>0x26c</size>
               <logical_group_ref idref="lg-3"/>
            </allocated_space>
            <allocated_space>
               <start_address>0x26c</start_address>
               <size>0x45a</size>
               <logical_group_ref idref="lg-4"/>
            </allocated_space>
            <available_space>
               <start_address>0x6c6</start_address>
               <size>0x2</size>
            </available_space>
            <allocated_space>
               <start_address>0x6c8</start_address>
               <size>0x30</size>
               <logical_group_ref idref="lg-6"/>
            </allocated_space>
            <available_space>
               <start_address>0x6f8</start_address>
               <size>0x3f908</size>
            </available_space>
         </usage_details>
      </memory_area>
      <memory_area display="yes" color="green">
         <name>SRAM</name>
         <page_id>0x0</page_id>
         <origin>0x20000000</origin>
         <length>0x8000</length>
         <used_space>0x270</used_space>
         <unused_space>0x7d90</unused_space>
         <attributes>RWX</attributes>
         <usage_details>
            <allocated_space>
               <start_address>0x20000000</start_address>
               <size>0x0</size>
               <logical_group_ref idref="lg-15f"/>
            </allocated_space>
            <allocated_space>
               <start_address>0x20000000</start_address>
               <size>0x200</size>
               <logical_group_ref idref="lg-d"/>
            </allocated_space>
            <allocated_space>
               <start_address>0x20000200</start_address>
               <size>0x6c</size>
               <logical_group_ref idref="lg-b"/>
            </allocated_space>
            <allocated_space>
               <start_address>0x2000026c</start_address>
               <size>0x4</size>
               <logical_group_ref idref="lg-a"/>
            </allocated_space>
            <available_space>
               <start_address>0x20000270</start_address>
               <size>0x7d90</size>
            </available_space>
         </usage_details>
      </memory_area>
   </placement_map>
   <cptbl_list>
      <cptbl>
         <name>__TI_cinit_table</name>
         <cprec>
            <name>.bss</name>
            <load_address>0x6d8</load_address>
            <load_size>0x8</load_size>
            <run_address>0x20000200</run_address>
            <run_size>0x6c</run_size>
            <compression>zero_init</compression>
         </cprec>
         <cprec>
            <name>.data</name>
            <load_address>0x6e0</load_address>
            <load_size>0x7</load_size>
            <run_address>0x2000026c</run_address>
            <run_size>0x4</run_size>
            <compression>lzss</compression>
         </cprec>
      </cptbl>
   </cptbl_list>
   <handler_table>
      <handler_table_name>__TI_handler_table</handler_table_name>
      <handler>
         <index>0x0</index>
         <name>__TI_decompress_lzss</name>
      </handler>
      <handler>
         <index>0x1</index>
         <name>__TI_decompress_none</name>
      </handler>
      <handler>
         <index>0x2</index>
         <name>__TI_zero_init</name>
      </handler>
   </handler_table>
   <symbol_table>
      <symbol id="sm-1">
         <name>__STACK_TOP</name>
         <value>0x20000200</value>
      </symbol>
      <symbol id="sm-2">
         <name>__start___llvm_prf_cnts</name>
         <value>0x20000000</value>
      </symbol>
      <symbol id="sm-3">
         <name>__stop___llvm_prf_cnts</name>
         <value>0x20000000</value>
      </symbol>
      <symbol id="sm-4">
         <name>__TI_CINIT_Base</name>
         <value>0x6e8</value>
      </symbol>
      <symbol id="sm-5">
         <name>__TI_CINIT_Limit</name>
         <value>0x6f8</value>
      </symbol>
      <symbol id="sm-6">
         <name>__TI_Handler_Table_Base</name>
         <value>0x6c8</value>
      </symbol>
      <symbol id="sm-7">
         <name>__TI_Handler_Table_Limit</name>
         <value>0x6d4</value>
      </symbol>
      <symbol id="sm-8">
         <name>binit</name>
         <value>0xffffffff</value>
      </symbol>
      <symbol id="sm-9">
         <name>__binit__</name>
         <value>0xffffffff</value>
      </symbol>
      <symbol id="sm-a">
         <name>__STACK_SIZE</name>
         <value>0x200</value>
      </symbol>
      <symbol id="sm-b">
         <name>__STACK_END</name>
         <value>0x20000200</value>
      </symbol>
      <symbol id="sm-c">
         <name>__c_args__</name>
         <value>0xffffffff</value>
      </symbol>
      <symbol id="sm-d">
         <name>__TI_pprof_out_hndl</name>
         <value>0xffffffff</value>
      </symbol>
      <symbol id="sm-e">
         <name>__TI_prof_data_start</name>
         <value>0xffffffff</value>
      </symbol>
      <symbol id="sm-f">
         <name>__TI_prof_data_size</name>
         <value>0xffffffff</value>
      </symbol>
      <symbol id="sm-7c">
         <name>gps_str</name>
         <value>0x20000200</value>
      </symbol>
      <symbol id="sm-7d">
         <name>str</name>
         <value>0x20000268</value>
      </symbol>
      <symbol id="sm-7e">
         <name>state</name>
         <value>0x20000264</value>
      </symbol>
      <symbol id="sm-7f">
         <name>UART_Handler</name>
         <value>0x343</value>
         <object_component_ref idref="oc-2d"/>
      </symbol>
      <symbol id="sm-80">
         <name>PortF_Config</name>
         <value>0x297</value>
         <object_component_ref idref="oc-2d"/>
      </symbol>
      <symbol id="sm-81">
         <name>main</name>
         <value>0x26d</value>
         <object_component_ref idref="oc-2d"/>
      </symbol>
      <symbol id="sm-82">
         <name>UART_Config</name>
         <value>0x2b7</value>
         <object_component_ref idref="oc-2d"/>
      </symbol>
      <symbol id="sm-83">
         <name>pos</name>
         <value>0x2000026c</value>
         <object_component_ref idref="oc-78"/>
      </symbol>
      <symbol id="sm-9f">
         <name>ResetISR</name>
         <value>0x6b3</value>
         <object_component_ref idref="oc-27"/>
      </symbol>
      <symbol id="sm-a0">
         <name>g_pfnVectors</name>
         <value>0x0</value>
         <object_component_ref idref="oc-12"/>
      </symbol>
      <symbol id="sm-b9">
         <name>__TI_zero_init_nomemset</name>
         <value>0x689</value>
         <object_component_ref idref="oc-4d"/>
      </symbol>
      <symbol id="sm-d0">
         <name>__TI_decompress_none</name>
         <value>0x6a5</value>
         <object_component_ref idref="oc-1b"/>
      </symbol>
      <symbol id="sm-f3">
         <name>__TI_decompress_lzss</name>
         <value>0x5a9</value>
         <object_component_ref idref="oc-15"/>
      </symbol>
      <symbol id="sm-106">
         <name>__stack</name>
         <value>0x20000000</value>
         <object_component_ref idref="oc-24"/>
      </symbol>
      <symbol id="sm-107">
         <name>_c_int00_noargs</name>
         <value>0x655</value>
         <object_component_ref idref="oc-5f"/>
      </symbol>
      <symbol id="sm-122">
         <name>memcpy</name>
         <value>0x50d</value>
         <object_component_ref idref="oc-41"/>
      </symbol>
      <symbol id="sm-123">
         <name>__aeabi_memcpy</name>
         <value>0x50d</value>
         <object_component_ref idref="oc-41"/>
      </symbol>
      <symbol id="sm-124">
         <name>__aeabi_memcpy8</name>
         <value>0x50d</value>
         <object_component_ref idref="oc-41"/>
      </symbol>
      <symbol id="sm-125">
         <name>__aeabi_memcpy4</name>
         <value>0x50d</value>
         <object_component_ref idref="oc-41"/>
      </symbol>
      <symbol id="sm-14e">
         <name>__TI_auto_init_nobinit_nopinit</name>
         <value>0x611</value>
         <object_component_ref idref="oc-db"/>
      </symbol>
      <symbol id="sm-158">
         <name>_system_pre_init</name>
         <value>0x6bf</value>
         <object_component_ref idref="oc-a4"/>
      </symbol>
      <symbol id="sm-164">
         <name>C$$EXIT</name>
         <value>0x6c3</value>
         <object_component_ref idref="oc-cf"/>
      </symbol>
      <symbol id="sm-165">
         <name>abort</name>
         <value>0x6c3</value>
         <object_component_ref idref="oc-cf"/>
      </symbol>
      <symbol id="sm-168">
         <name>__TI_static_base__</name>
         <value>0x0</value>
      </symbol>
      <symbol id="sm-16b">
         <name>__mpu_init</name>
         <value>0x0</value>
      </symbol>
      <symbol id="sm-16c">
         <name>_system_post_cinit</name>
         <value>0x0</value>
      </symbol>
   </symbol_table>
   <title>Link successful</title>
</link_info>
